TrendID,ProductGroupID,TrendDescription,TrendStartDate,TrendEndDate,MarketRegion,CompetitorAnalysis,SalesImpact,CustomerFeedback,AdvertisingCampaign,CreatedAt,UpdatedAt
1,1,"Growing demand for smartphones with 5G connectivity and AI-powered cameras.",2024-01-01,2024-12-31,"Global","Competitors launching 5G phones with enhanced camera features.","Positive","Customers appreciate faster internet speeds and improved photography capabilities.","Social media campaigns highlighting 5G benefits.","2024-06-21 08:00:00","2024-06-21 08:00:00"
2,2,"Increasing adoption of smart refrigerators with energy-efficient cooling and food management features.",2024-01-01,2024-12-31,"North America","New competitor offering refrigerators with touchscreen interfaces and food expiration tracking.","Positive","Users value food freshness and energy savings.","Email promotions focusing on smart home innovations.","2024-06-21 08:00:00","2024-06-21 08:00:00"
3,3,"Rising interest in robot vacuum cleaners for automated cleaning and pet hair removal.",2024-01-01,2024-12-31,"Europe","Competitor introducing vacuum with enhanced suction power and navigation technology.","Positive","Homeowners appreciate hands-free cleaning and pet-friendly features.","Ad campaigns targeting busy professionals and pet owners.","2024-06-21 08:00:00","2024-06-21 08:00:00"
4,4,"Growing market for wearable fitness trackers with sleep monitoring and GPS tracking features.",2024-01-01,2024-12-31,"Asia-Pacific","New competitors offering trackers with longer battery life and waterproof design.","Positive","Fitness enthusiasts value sleep insights and accurate activity tracking.","Social media ads promoting health and fitness benefits.","2024-06-21 08:00:00","2024-06-21 08:00:00"
5,5,"Increasing demand for smart TVs with 4K resolution and streaming platform integration.",2024-01-01,2024-12-31,"Latin America","Competitors launching TVs with voice control and multiple HDMI ports.","Positive","Customers appreciate immersive viewing experiences and easy access to streaming services.","Email campaigns highlighting home entertainment upgrades.","2024-06-21 08:00:00","2024-06-21 08:00:00"
6,6,"Rising interest in AI-powered home security cameras for real-time monitoring and facial recognition.",2024-01-01,2024-12-31,"Global","New competitor offering cameras with cloud storage and customizable alerts.","Positive","Homeowners value enhanced security features and peace of mind.","Ad campaigns emphasizing smart home protection.","2024-06-21 08:00:00","2024-06-21 08:00:00"
7,7,"Growing market for wireless earbuds with noise-canceling and long battery life features.",2024-01-01,2024-12-31,"North America","Competitors launching earbuds with sweat resistance and ergonomic fit.","Positive","Users appreciate wireless convenience and immersive sound quality.","Social media promotions showcasing audio performance.","2024-06-21 08:00:00","2024-06-21 08:00:00"
8,8,"Increasing adoption of smart thermostats for energy-efficient home climate control.",2024-01-01,2024-12-31,"Europe","New competitor offering thermostat with geo-fencing and energy usage insights.","Positive","Customers value reduced energy bills and remote temperature control.","Email marketing focusing on smart home sustainability.","2024-06-21 08:00:00","2024-06-21 08:00:00"
9,9,"Rising interest in gaming laptops with high refresh rate displays and RGB keyboard lighting.",2024-01-01,2024-12-31,"Asia-Pacific","Competitors launching laptops with powerful GPUs and thin bezel designs.","Positive","Gamers appreciate smooth gameplay and customizable aesthetics.","Ad campaigns targeting gaming enthusiasts.","2024-06-21 08:00:00","2024-06-21 08:00:00"
10,10,"Growing market for smart watches with health monitoring and app notifications.",2024-01-01,2024-12-31,"Latin America","New competitors offering watches with ECG and blood oxygen sensors.","Positive","Users value health insights and connectivity features.","Social media ads promoting active lifestyles.","2024-06-21 08:00:00","2024-06-21 08:00:00"
11,11,"Increasing demand for robotic lawn mowers with GPS navigation and weather sensors.",2024-01-01,2024-12-31,"Global","Competitor introducing mower with smartphone app control and rain detection.","Positive","Homeowners appreciate automated lawn care and environmental sensors.","Email promotions focusing on smart gardening solutions.","2024-06-21 08:00:00","2024-06-21 08:00:00"
12,12,"Rising interest in smart home lighting systems with voice control and color-changing bulbs.",2024-01-01,2024-12-31,"North America","New competitor offering lighting kits with motion sensors and adjustable brightness.","Positive","Customers value ambiance customization and energy efficiency.","Social media campaigns highlighting smart home upgrades.","2024-06-21 08:00:00","2024-06-21 08:00:00"
13,13,"Growing market for electric scooters with long battery range and foldable designs.",2024-01-01,2024-12-31,"Europe","Competitors launching scooters with app connectivity and regenerative braking.","Positive","Users appreciate eco-friendly commuting and portable designs.","Ad campaigns targeting urban commuters.","2024-06-21 08:00:00","2024-06-21 08:00:00"
14,14,"Increasing adoption of smart speakers with built-in virtual assistants and multi-room audio.",2024-01-01,2024-12-31,"Asia-Pacific","New competitor offering speakers with advanced sound technology and smart home integration.","Positive","Customers value voice control and seamless audio streaming.","Email promotions emphasizing home automation benefits.","2024-06-21 08:00:00","2024-06-21 08:00:00"
15,15,"Rising interest in compact digital cameras with high megapixel sensors and 4K video recording.",2024-01-01,2024-12-31,"Latin America","Competitors launching cameras with touchscreen interfaces and image stabilization.","Positive","Photographers appreciate portability and professional-grade features.","Social media ads showcasing photography capabilities.","2024-06-21 08:00:00","2024-06-21 08:00:00"
16,16,"Growing market for smart home security systems with video doorbells and cloud storage options.",2024-01-01,2024-12-31,"Global","New competitor offering comprehensive security bundles with mobile app control.","Positive","Homeowners value remote monitoring and package delivery alerts.","Ad campaigns focusing on home safety and convenience.","2024-06-21 08:00:00","2024-06-21 08:00:00"
17,17,"Increasing demand for portable Bluetooth speakers with waterproof and shockproof designs.",2024-01-01,2024-12-31,"North America","Competitors launching speakers with extended battery life and outdoor durability.","Positive","Users appreciate rugged build quality and wireless connectivity.","Email promotions targeting outdoor enthusiasts.","2024-06-21 08:00:00","2024-06-21 08:00:00"
18,18,"Rising interest in AI-powered home assistants for scheduling, reminders, and home automation.",2024-01-01,2024-12-31,"Europe","New competitor offering assistant with natural language processing and smart home control.","Positive","Customers value hands-free assistance and personalized routines.","Social media ads highlighting AI capabilities.","2024-06-21 08:00:00","2024-06-21 08:00:00"
19,19,"Growing market for wireless gaming headsets with surround sound and noise-canceling features.",2024-01-01,2024-12-31,"Asia-Pacific","Competitors launching headsets with long-lasting comfort and microphone clarity.","Positive","Gamers appreciate immersive audio and competitive edge.","Ad campaigns targeting gaming communities.","2024-06-21 08:00:00","2024-06-21 08:00:00"
20,20,"Increasing adoption of smart air purifiers with HEPA filters and air quality sensors.",2024-01-01,2024-12-31,"Latin America","New competitor offering purifiers with app monitoring and allergen removal.","Positive","Users value clean indoor air and allergy relief.","Email promotions focusing on health benefits.","2024-06-21 08:00:00","2024-06-21 08:00:00"
21,21,"Growing market for electric bicycles with pedal assist and long-range batteries.",2024-01-01,2024-12-31,"Global","New competitors offering bikes with lightweight frames and smartphone integration.","Positive","Cyclists appreciate eco-friendly commuting and extended range.","Social media promotions highlighting bike features.","2024-06-21 08:00:00","2024-06-21 08:00:00"
22,22,"Increasing demand for smart pet devices with activity tracking and health monitoring features.",2024-01-01,2024-12-31,"North America","Competitors launching devices with GPS tracking and vet consultation services.","Positive","Pet owners value real-time pet health updates and remote monitoring.","Email campaigns focusing on pet wellness.","2024-06-21 08:00:00","2024-06-21 08:00:00"
23,23,"Rising interest in AI-driven kitchen appliances for meal planning and recipe suggestions.",2024-01-01,2024-12-31,"Europe","New competitor offering appliances with voice recognition and personalized cooking tips.","Positive","Chefs and home cooks appreciate recipe variety and cooking assistance.","Ad campaigns showcasing smart kitchen innovation.","2024-06-21 08:00:00","2024-06-21 08:00:00"
24,24,"Growing market for portable solar chargers with fast-charging capabilities and rugged designs.",2024-01-01,2024-12-31,"Asia-Pacific","Competitors launching chargers with foldable panels and water-resistant features.","Positive","Users value sustainable energy solutions and outdoor durability.","Social media ads promoting solar charger benefits.","2024-06-21 08:00:00","2024-06-21 08:00:00"
25,25,"Increasing adoption of smart clothing with biometric sensors for health and fitness monitoring.",2024-01-01,2024-12-31,"Latin America","New competitors offering clothing with temperature regulation and activity tracking.","Positive","Athletes appreciate performance insights and comfort.","Email promotions focusing on smart apparel benefits.","2024-06-21 08:00:00","2024-06-21 08:00:00"
26,26,"Rising interest in robotic pet toys for interactive play and behavior monitoring.",2024-01-01,2024-12-31,"Global","Competitor introducing toys with AI learning and remote control features.","Positive","Pet owners value entertainment and mental stimulation for pets.","Ad campaigns targeting pet lovers and tech enthusiasts.","2024-06-21 08:00:00","2024-06-21 08:00:00"
27,27,"Growing market for AI-powered translation devices with real-time language interpretation.",2024-01-01,2024-12-31,"North America","New competitor offering devices with offline translation and cultural context insights.","Positive","Travelers appreciate seamless communication and language learning support.","Social media promotions highlighting travel benefits.","2024-06-21 08:00:00","2024-06-21 08:00:00"
28,28,"Increasing demand for smart mirrors with augmented reality features for virtual try-ons.",2024-01-01,2024-12-31,"Europe","Competitors launching mirrors with virtual makeup simulation and fashion recommendations.","Positive","Users value personalized shopping experiences and beauty consultations.","Email campaigns focusing on AR mirror applications.","2024-06-21 08:00:00","2024-06-21 08:00:00"
29,29,"Rising interest in smart gardening devices for automated watering and plant care.",2024-01-01,2024-12-31,"Asia-Pacific","New competitor offering devices with soil moisture sensors and weather forecasting.","Positive","Gardeners appreciate plant health insights and water conservation.","Ad campaigns targeting gardening enthusiasts.","2024-06-21 08:00:00","2024-06-21 08:00:00"
30,30,"Growing market for 3D printers with multi-material printing and high-resolution capabilities.",2024-01-01,2024-12-31,"Latin America","Competitors launching printers with larger build volumes and intuitive touchscreen interfaces.","Positive","Users value creative freedom and prototype development.","Social media ads promoting 3D printing applications.","2024-06-21 08:00:00","2024-06-21 08:00:00"
31,31,"Increasing demand for smart glasses with augmented reality displays and hands-free functionality.",2024-01-01,2024-12-31,"Global","New competitors offering glasses with gesture control and real-time information overlay.","Positive","Users value enhanced productivity and immersive experiences.","Social media promotions showcasing smart eyewear benefits.","2024-06-21 08:00:00","2024-06-21 08:00:00"
32,32,"Rising interest in AI-driven drones for aerial photography and automated surveillance.",2024-01-01,2024-12-31,"North America","Competitors launching drones with obstacle avoidance and extended flight range.","Positive","Photographers and security professionals appreciate advanced features and reliability.","Email campaigns focusing on drone capabilities.","2024-06-21 08:00:00","2024-06-21 08:00:00"
33,33,"Growing market for smart water bottles with hydration tracking and reminders.",2024-01-01,2024-12-31,"Europe","New competitor offering bottles with temperature control and personalized hydration goals.","Positive","Fitness enthusiasts value hydration monitoring and convenience.","Ad campaigns highlighting health benefits of smart hydration.","2024-06-21 08:00:00","2024-06-21 08:00:00"
34,34,"Increasing adoption of electric skateboards with high-speed motors and long-lasting batteries.",2024-01-01,2024-12-31,"Asia-Pacific","Competitors launching skateboards with app connectivity and adjustable riding modes.","Positive","Users appreciate eco-friendly commuting and urban mobility.","Social media promotions showcasing skateboard features.","2024-06-21 08:00:00","2024-06-21 08:00:00"
35,35,"Rising interest in AI-powered home appliances for remote monitoring and energy efficiency.",2024-01-01,2024-12-31,"Latin America","New competitor offering appliances with predictive maintenance and energy usage insights.","Positive","Homeowners value reduced utility bills and appliance longevity.","Email campaigns focusing on smart home energy management.","2024-06-21 08:00:00","2024-06-21 08:00:00"
36,36,"Growing market for underwater drones with 4K cameras and live streaming capabilities.",2024-01-01,2024-12-31,"Global","Competitors launching drones with deep-sea exploration capabilities and marine research applications.","Positive","Divers and researchers appreciate underwater visibility and data collection.","Ad campaigns targeting marine enthusiasts and scientific communities.","2024-06-21 08:00:00","2024-06-21 08:00:00"
37,37,"Increasing demand for solar-powered outdoor lights with motion sensors and weather resistance.",2024-01-01,2024-12-31,"North America","New competitor offering lights with adjustable brightness and dusk-to-dawn operation.","Positive","Users value energy savings and enhanced security.","Social media promotions highlighting outdoor lighting benefits.","2024-06-21 08:00:00","2024-06-21 08:00:00"
38,38,"Rising interest in AI-driven personal assistants for scheduling, reminders, and smart home control.",2024-01-01,2024-12-31,"Europe","Competitors launching assistants with natural language processing and personalized recommendations.","Positive","Customers value hands-free assistance and productivity improvements.","Email campaigns focusing on smart living solutions.","2024-06-21 08:00:00","2024-06-21 08:00:00"
39,39,"Growing market for electric scooters with swappable batteries and GPS navigation.",2024-01-01,2024-12-31,"Asia-Pacific","New competitor offering scooters with fast-charging capabilities and mobile app integration.","Positive","Communities appreciate eco-friendly transportation and urban mobility solutions.","Ad campaigns targeting commuters and city dwellers.","2024-06-21 08:00:00","2024-06-21 08:00:00"
40,40,"Increasing adoption of AI-powered language translators with offline mode and multi-language support.",2024-01-01,2024-12-31,"Latin America","Competitors launching translators with cultural context awareness and real-time conversation translation.","Positive","Travelers value seamless communication and language learning opportunities.","Social media ads promoting translator features.","2024-06-21 08:00:00","2024-06-21 08:00:00"
41,41,"Rising interest in AI-driven home security systems with facial recognition and remote monitoring.",2024-01-01,2024-12-31,"Global","New competitor offering systems with integrated alarms and 24/7 surveillance.","Positive","Homeowners appreciate enhanced safety features and peace of mind.","Ad campaigns focusing on smart home protection.","2024-06-21 08:00:00","2024-06-21 08:00:00"
42,42,"Growing market for AI-powered fitness trackers with personalized workout plans and sleep analysis.",2024-01-01,2024-12-31,"North America","Competitors launching trackers with stress monitoring and recovery insights.","Positive","Fitness enthusiasts value data-driven performance improvements and holistic health tracking.","Email promotions highlighting fitness tracker benefits.","2024-06-21 08:00:00","2024-06-21 08:00:00"
43,43,"Increasing demand for smart bike helmets with built-in lights and emergency contact features.",2024-01-01,2024-12-31,"Europe","New competitor offering helmets with crash detection and route navigation.","Positive","Cyclists appreciate enhanced visibility and safety innovations.","Social media campaigns showcasing bike helmet features.","2024-06-21 08:00:00","2024-06-21 08:00:00"
44,44,"Rising interest in AI-powered air purifiers with real-time air quality monitoring and app control.",2024-01-01,2024-12-31,"Asia-Pacific","Competitors launching purifiers with HEPA filters and allergen removal capabilities.","Positive","Users value clean indoor air and allergy relief benefits.","Ad campaigns focusing on air purifier health benefits.","2024-06-21 08:00:00","2024-06-21 08:00:00"
45,45,"Growing market for AI-driven personal finance apps with budgeting and investment advice.",2024-01-01,2024-12-31,"Latin America","New competitors offering apps with transaction categorization and financial goal tracking.","Positive","Users appreciate financial insights and personalized money management.","Email promotions focusing on financial wellness.","2024-06-21 08:00:00","2024-06-21 08:00:00"
46,46,"Increasing adoption of AI-powered kitchen appliances with recipe recommendations and cooking presets.",2024-01-01,2024-12-31,"Global","Competitors launching appliances with voice control and ingredient recognition.","Positive","Chefs and home cooks value cooking convenience and recipe variety.","Social media ads promoting smart kitchen innovations.","2024-06-21 08:00:00","2024-06-21 08:00:00"
47,47,"Rising interest in AI-driven educational toys for interactive learning and STEM education.",2024-01-01,2024-12-31,"North America","New competitor offering toys with programming tutorials and augmented reality activities.","Positive","Parents appreciate educational benefits and child development support.","Ad campaigns targeting tech-savvy parents.","2024-06-21 08:00:00","2024-06-21 08:00:00"
48,48,"Growing market for AI-powered medical devices with remote patient monitoring and diagnostic assistance.",2024-01-01,2024-12-31,"Europe","Competitors launching devices with telemedicine integration and health data analytics.","Positive","Healthcare providers value efficiency and patient care improvements.","Email promotions highlighting medical device benefits.","2024-06-21 08:00:00","2024-06-21 08:00:00"
49,49,"Increasing demand for AI-driven home appliances with predictive maintenance and energy efficiency.",2024-01-01,2024-12-31,"Asia-Pacific","New competitor offering appliances with smart diagnostics and energy-saving modes.","Positive","Homeowners appreciate reduced utility bills and appliance longevity.","Social media promotions focusing on smart home energy solutions.","2024-06-21 08:00:00","2024-06-21 08:00:00"
50,50,"Rising interest in AI-powered personal assistants for scheduling, reminders, and smart home control.",2024-01-01,2024-12-31,"Latin America","Competitors launching assistants with natural language processing and personalized recommendations.","Positive","Customers value hands-free assistance and productivity improvements.","Ad campaigns focusing on smart living solutions.","2024-06-21 08:00:00","2024-06-21 08:00:00"
51,51,"Growing market for AI-powered wearable health monitors with real-time data tracking and health insights.",2024-01-01,2024-12-31,"Global","New competitors offering monitors with continuous vital signs monitoring and personalized health tips.","Positive","Users value proactive health management and fitness tracking.","Social media promotions highlighting health monitor features.","2024-06-21 08:00:00","2024-06-21 08:00:00"
52,52,"Increasing demand for smart locks with biometric authentication and remote access control.",2024-01-01,2024-12-31,"North America","Competitors launching locks with voice recognition and guest access management.","Positive","Homeowners appreciate enhanced security and convenience.","Email campaigns focusing on smart lock features.","2024-06-21 08:00:00","2024-06-21 08:00:00"
53,53,"Rising interest in AI-driven robotic vacuum cleaners for autonomous cleaning and mapping.",2024-01-01,2024-12-31,"Europe","New competitor offering vacuums with advanced mapping technology and pet hair detection.","Positive","Users value time savings and cleaner living spaces.","Ad campaigns showcasing robotic vacuum capabilities.","2024-06-21 08:00:00","2024-06-21 08:00:00"
54,54,"Growing market for AI-powered drones with thermal imaging for industrial inspections and search operations.",2024-01-01,2024-12-31,"Asia-Pacific","Competitors launching drones with 360-degree cameras and obstacle avoidance.","Positive","Industries appreciate enhanced safety and operational efficiency.","Social media promotions highlighting drone applications.","2024-06-21 08:00:00","2024-06-21 08:00:00"
55,55,"Increasing adoption of smart thermostats with energy-saving features and home climate control.",2024-01-01,2024-12-31,"Latin America","New competitor offering thermostats with occupancy sensors and geofencing technology.","Positive","Homeowners value reduced heating and cooling costs.","Email promotions focusing on smart thermostat benefits.","2024-06-21 08:00:00","2024-06-21 08:00:00"
56,56,"Rising interest in AI-powered earbuds with noise cancellation and personalized audio profiles.",2024-01-01,2024-12-31,"Global","Competitors launching earbuds with adaptive sound technology and customizable fit.","Positive","Users appreciate immersive listening experiences and ambient noise reduction.","Ad campaigns showcasing earbud features and audio quality.","2024-06-21 08:00:00","2024-06-21 08:00:00"
57,57,"Growing market for AI-driven delivery robots for contactless deliveries and urban logistics.",2024-01-01,2024-12-31,"North America","New competitor offering robots with automated route planning and secure package handling.","Positive","Retailers and logistics companies value efficiency and customer satisfaction.","Social media promotions highlighting delivery robot benefits.","2024-06-21 08:00:00","2024-06-21 08:00:00"
58,58,"Increasing demand for AI-powered translation devices with real-time language interpretation.",2024-01-01,2024-12-31,"Europe","Competitors launching devices with offline translation and cultural context insights.","Positive","Travelers appreciate seamless communication and language learning support.","Email campaigns focusing on travel benefits of translators.","2024-06-21 08:00:00","2024-06-21 08:00:00"
59,59,"Rising interest in smart home cameras with AI recognition and facial detection features.",2024-01-01,2024-12-31,"Asia-Pacific","New competitor offering cameras with night vision and cloud storage.","Positive","Homeowners value enhanced security and remote monitoring.","Ad campaigns showcasing smart camera capabilities.","2024-06-21 08:00:00","2024-06-21 08:00:00"
60,60,"Growing market for AI-powered exercise equipment with personalized workout plans and virtual coaching.",2024-01-01,2024-12-31,"Latin America","Competitors launching equipment with real-time performance tracking and interactive workouts.","Positive","Fitness enthusiasts appreciate motivation and progress insights.","Social media promotions highlighting fitness equipment benefits.","2024-06-21 08:00:00","2024-06-21 08:00:00"
61,61,"Increasing adoption of AI-driven digital assistants for voice-controlled home automation.",2024-01-01,2024-12-31,"Global","New competitors offering assistants with smart home integration and entertainment control.","Positive","Users value convenience and hands-free operation.","Email promotions focusing on assistant capabilities.","2024-06-21 08:00:00","2024-06-21 08:00:00"
62,62,"Rising interest in AI-powered educational robots for interactive learning and STEM education.",2024-01-01,2024-12-31,"North America","Competitors launching robots with coding tutorials and adaptive learning.","Positive","Educators and parents appreciate engagement and skill development.","Ad campaigns targeting educational benefits of robots.","2024-06-21 08:00:00","2024-06-21 08:00:00"
63,63,"Growing market for AI-powered health monitors with remote patient monitoring and diagnostic capabilities.",2024-01-01,2024-12-31,"Europe","New competitor offering monitors with telemedicine integration and health analytics.","Positive","Healthcare providers value improved patient outcomes and efficiency.","Social media promotions highlighting health monitor benefits.","2024-06-21 08:00:00","2024-06-21 08:00:00"
64,64,"Increasing demand for AI-driven personal finance apps with budgeting tools and investment insights.",2024-01-01,2024-12-31,"Asia-Pacific","Competitors launching apps with expense tracking and financial goal setting.","Positive","Users appreciate financial management and savings planning.","Email campaigns focusing on app features and financial wellness.","2024-06-21 08:00:00","2024-06-21 08:00:00"
65,65,"Rising interest in AI-powered home appliances with energy-saving modes and smart diagnostics.",2024-01-01,2024-12-31,"Latin America","New competitor offering appliances with voice control and appliance health monitoring.","Positive","Homeowners value reduced energy costs and appliance longevity.","Ad campaigns highlighting smart home appliance benefits.","2024-06-21 08:00:00","2024-06-21 08:00:00"
66,66,"Growing market for AI-driven personal assistants for scheduling, reminders, and smart home control.",2024-01-01,2024-12-31,"Global","Competitors launching assistants with natural language processing and personalized recommendations.","Positive","Customers value hands-free assistance and productivity improvements.","Social media promotions focusing on smart living solutions.","2024-06-21 08:00:00","2024-06-21 08:00:00"
67,67,"Increasing adoption of AI-powered wearable health monitors with real-time data tracking and health insights.",2024-01-01,2024-12-31,"North America","New competitors offering monitors with continuous vital signs monitoring and personalized health tips.","Positive","Users value proactive health management and fitness tracking.","Email promotions highlighting health monitor features.","2024-06-21 08:00:00","2024-06-21 08:00:00"
68,68,"Rising interest in smart locks with biometric authentication and remote access control.",2024-01-01,2024-12-31,"Europe","Competitors launching locks with voice recognition and guest access management.","Positive","Homeowners appreciate enhanced security and convenience.","Ad campaigns focusing on smart lock features.","2024-06-21 08:00:00","2024-06-21 08:00:00"
69,69,"Growing market for AI-driven robotic vacuum cleaners for autonomous cleaning and mapping.",2024-01-01,2024-12-31,"Asia-Pacific","New competitor offering vacuums with advanced mapping technology and pet hair detection.","Positive","Users value time savings and cleaner living spaces.","Social media promotions showcasing robotic vacuum capabilities.","2024-06-21 08:00:00","2024-06-21 08:00:00"
70,70,"Increasing demand for AI-powered drones with thermal imaging for industrial inspections and search operations.",2024-01-01,2024-12-31,"Latin America","Competitors launching drones with 360-degree cameras and obstacle avoidance.","Positive","Industries appreciate enhanced safety and operational efficiency.","Email promotions highlighting drone applications.","2024-06-21 08:00:00","2024-06-21 08:00:00"
71,71,"Growing market for AI-powered smart mirrors with virtual try-on and skincare analysis.",2024-01-01,2024-12-31,"Global","New competitors offering mirrors with personalized beauty tips and AR makeup simulations.","Positive","Consumers value enhanced shopping experiences and beauty consultations.","Social media promotions highlighting smart mirror features.","2024-06-21 08:00:00","2024-06-21 08:00:00"
72,72,"Increasing demand for AI-driven pet feeders with portion control and health monitoring.",2024-01-01,2024-12-31,"North America","Competitors launching feeders with webcam monitoring and remote feeding options.","Positive","Pet owners appreciate convenience and pet health tracking.","Email campaigns focusing on pet feeder benefits.","2024-06-21 08:00:00","2024-06-21 08:00:00"
73,73,"Rising interest in AI-powered garden sensors for smart watering and plant care.",2024-01-01,2024-12-31,"Europe","New competitor offering sensors with soil analysis and weather integration.","Positive","Gardeners value water conservation and plant health optimization.","Ad campaigns showcasing garden sensor capabilities.","2024-06-21 08:00:00","2024-06-21 08:00:00"
74,74,"Growing market for AI-powered sports equipment with performance analytics and coaching insights.",2024-01-01,2024-12-31,"Asia-Pacific","Competitors launching equipment with real-time feedback and training programs.","Positive","Athletes appreciate data-driven performance improvements and training guidance.","Social media promotions highlighting sports equipment benefits.","2024-06-21 08:00:00","2024-06-21 08:00:00"
75,75,"Increasing adoption of smart wearable translators with voice recognition and real-time language translation.",2024-01-01,2024-12-31,"Latin America","New competitor offering translators with cultural context awareness and offline mode.","Positive","Travelers value seamless communication and language learning support.","Ad campaigns focusing on travel benefits of wearable translators.","2024-06-21 08:00:00","2024-06-21 08:00:00"
76,76,"Rising interest in AI-powered home security cameras with facial recognition and cloud storage.",2024-01-01,2024-12-31,"Global","Competitors launching cameras with night vision and two-way audio.","Positive","Homeowners appreciate enhanced security and remote monitoring capabilities.","Email promotions showcasing security camera features.","2024-06-21 08:00:00","2024-06-21 08:00:00"
77,77,"Growing market for AI-driven delivery drones for fast and efficient package deliveries.",2024-01-01,2024-12-31,"North America","New competitor offering drones with automated flight paths and secure parcel handling.","Positive","Retailers value cost savings and improved delivery times.","Social media promotions highlighting drone delivery advantages.","2024-06-21 08:00:00","2024-06-21 08:00:00"
78,78,"Increasing demand for AI-powered translation devices with multi-language support and real-time interpretation.",2024-01-01,2024-12-31,"Europe","Competitors launching devices with conversational language learning and pronunciation correction.","Positive","Users appreciate accurate translations and language learning features.","Ad campaigns focusing on educational benefits of translators.","2024-06-21 08:00:00","2024-06-21 08:00:00"
79,79,"Rising interest in smart home cameras with AI recognition and cloud-based storage solutions.",2024-01-01,2024-12-31,"Asia-Pacific","New competitor offering cameras with facial detection and motion tracking.","Positive","Homeowners value enhanced security and real-time alerts.","Email promotions highlighting smart camera benefits.","2024-06-21 08:00:00","2024-06-21 08:00:00"
80,80,"Growing market for AI-powered exercise bikes with virtual cycling routes and fitness tracking.",2024-01-01,2024-12-31,"Latin America","Competitors launching bikes with interactive workouts and personalized training plans.","Positive","Fitness enthusiasts appreciate immersive cycling experiences and performance metrics.","Social media promotions focusing on exercise bike benefits.","2024-06-21 08:00:00","2024-06-21 08:00:00"
81,81,"Increasing adoption of AI-driven voice assistants for smart home automation and entertainment control.",2024-01-01,2024-12-31,"Global","New competitors offering assistants with natural language processing and integrated smart device management.","Positive","Users value convenience and hands-free operation.","Ad campaigns showcasing assistant capabilities.","2024-06-21 08:00:00","2024-06-21 08:00:00"
82,82,"Rising interest in AI-powered educational robots for interactive learning and STEM education.",2024-01-01,2024-12-31,"North America","Competitors launching robots with coding challenges and AI programming tutorials.","Positive","Educators and students appreciate engagement and skill development.","Email promotions targeting educational benefits of robots.","2024-06-21 08:00:00","2024-06-21 08:00:00"
83,83,"Growing market for AI-powered health monitors with remote patient monitoring and diagnostic capabilities.",2024-01-01,2024-12-31,"Europe","New competitor offering monitors with telemedicine integration and health analytics.","Positive","Healthcare providers value improved patient outcomes and efficiency.","Social media promotions highlighting health monitor benefits.","2024-06-21 08:00:00","2024-06-21 08:00:00"
84,84,"Increasing demand for AI-driven personal finance apps with budgeting tools and investment insights.",2024-01-01,2024-12-31,"Asia-Pacific","Competitors launching apps with expense tracking and financial planning features.","Positive","Users appreciate financial management and savings planning.","Ad campaigns focusing on app benefits and financial wellness.","2024-06-21 08:00:00","2024-06-21 08:00:00"
85,85,"Rising interest in AI-powered home appliances with energy-saving modes and smart diagnostics.",2024-01-01,2024-12-31,"Latin America","New competitor offering appliances with voice control and appliance health monitoring.","Positive","Homeowners value reduced energy costs and appliance longevity.","Social media promotions highlighting smart home appliance benefits.","2024-06-21 08:00:00","2024-06-21 08:00:00"
86,86,"Growing market for AI-driven personal assistants for scheduling, reminders, and smart home control.",2024-01-01,2024-12-31,"Global","Competitors launching assistants with natural language processing and personalized recommendations.","Positive","Customers value hands-free assistance and productivity improvements.","Email campaigns focusing on smart living solutions.","2024-06-21 08:00:00","2024-06-21 08:00:00"
87,87,"Increasing adoption of AI-powered wearable health monitors with real-time data tracking and health insights.",2024-01-01,2024-12-31,"North America","New competitors offering monitors with continuous vital signs monitoring and personalized health tips.","Positive","Users value proactive health management and fitness tracking.","Social media promotions highlighting health monitor features.","2024-06-21 08:00:00","2024-06-21 08:00:00"
88,88,"Rising interest in smart locks with biometric authentication and remote access control.",2024-01-01,2024-12-31,"Europe","Competitors launching locks with voice recognition and guest access management.","Positive","Homeowners appreciate enhanced security and convenience.","Ad campaigns focusing on smart lock features.","2024-06-21 08:00:00","2024-06-21 08:00:00"
89,89,"Growing market for AI-driven robotic vacuum cleaners for autonomous cleaning and mapping.",2024-01-01,2024-12-31,"Asia-Pacific","New competitor offering vacuums with advanced mapping technology and pet hair detection.","Positive","Users value time savings and cleaner living spaces.","Email promotions showcasing robotic vacuum capabilities.","2024-06-21 08:00:00","2024-06-21 08:00:00"
90,90,"Increasing demand for AI-powered drones with thermal imaging for industrial inspections and search operations.",2024-01-01,2024-12-31,"Latin America","Competitors launching drones with 360-degree cameras and obstacle avoidance.","Positive","Industries appreciate enhanced safety and operational efficiency.","Social media promotions highlighting drone applications.","2024-06-21 08:00:00","2024-06-21 08:00:00"
91,91,"Growing market for AI-powered smart mirrors with virtual try-on and skincare analysis.",2024-01-01,2024-12-31,"Global","New competitors offering mirrors with personalized beauty tips and AR makeup simulations.","Positive","Consumers value enhanced shopping experiences and beauty consultations.","Social media promotions highlighting smart mirror features.","2024-06-21 08:00:00","2024-06-21 08:00:00"
92,92,"Increasing demand for AI-driven pet feeders with portion control and health monitoring.",2024-01-01,2024-12-31,"North America","Competitors launching feeders with webcam monitoring and remote feeding options.","Positive","Pet owners appreciate convenience and pet health tracking.","Email campaigns focusing on pet feeder benefits.","2024-06-21 08:00:00","2024-06-21 08:00:00"
93,93,"Rising interest in AI-powered garden sensors for smart watering and plant care.",2024-01-01,2024-12-31,"Europe","New competitor offering sensors with soil analysis and weather integration.","Positive","Gardeners value water conservation and plant health optimization.","Ad campaigns showcasing garden sensor capabilities.","2024-06-21 08:00:00","2024-06-21 08:00:00"
94,94,"Growing market for AI-powered sports equipment with performance analytics and coaching insights.",2024-01-01,2024-12-31,"Asia-Pacific","Competitors launching equipment with real-time feedback and training programs.","Positive","Athletes appreciate data-driven performance improvements and training guidance.","Social media promotions highlighting sports equipment benefits.","2024-06-21 08:00:00","2024-06-21 08:00:00"
95,95,"Increasing adoption of smart wearable translators with voice recognition and real-time language translation.",2024-01-01,2024-12-31,"Latin America","New competitor offering translators with cultural context awareness and offline mode.","Positive","Travelers value seamless communication and language learning support.","Ad campaigns focusing on travel benefits of wearable translators.","2024-06-21 08:00:00","2024-06-21 08:00:00"
96,96,"Rising interest in AI-powered home security cameras with facial recognition and cloud storage.",2024-01-01,2024-12-31,"Global","Competitors launching cameras with night vision and two-way audio.","Positive","Homeowners appreciate enhanced security and remote monitoring capabilities.","Email promotions showcasing security camera features.","2024-06-21 08:00:00","2024-06-21 08:00:00"
97,97,"Growing market for AI-driven delivery drones for fast and efficient package deliveries.",2024-01-01,2024-12-31,"North America","New competitor offering drones with automated flight paths and secure parcel handling.","Positive","Retailers value cost savings and improved delivery times.","Social media promotions highlighting drone delivery advantages.","2024-06-21 08:00:00","2024-06-21 08:00:00"
98,98,"Increasing demand for AI-powered translation devices with multi-language support and real-time interpretation.",2024-01-01,2024-12-31,"Europe","Competitors launching devices with conversational language learning and pronunciation correction.","Positive","Users appreciate accurate translations and language learning features.","Ad campaigns focusing on educational benefits of translators.","2024-06-21 08:00:00","2024-06-21 08:00:00"
99,99,"Rising interest in smart home cameras with AI recognition and cloud-based storage solutions.",2024-01-01,2024-12-31,"Asia-Pacific","New competitor offering cameras with facial detection and motion tracking.","Positive","Homeowners value enhanced security and real-time alerts.","Email promotions highlighting smart camera benefits.","2024-06-21 08:00:00","2024-06-21 08:00:00"
100,100,"Growing market for AI-powered exercise bikes with virtual cycling routes and fitness tracking.",2024-01-01,2024-12-31,"Latin America","Competitors launching bikes with interactive workouts and personalized training plans.","Positive","Fitness enthusiasts appreciate immersive cycling experiences and performance metrics.","Social media promotions focusing on exercise bike benefits.","2024-06-21 08:00:00","2024-06-21 08:00:00"
101,101,"Increasing adoption of AI-driven voice assistants for smart home automation and entertainment control.",2024-01-01,2024-12-31,"Global","New competitors offering assistants with natural language processing and integrated smart device management.","Positive","Users value convenience and hands-free operation.","Ad campaigns showcasing assistant capabilities.","2024-06-21 08:00:00","2024-06-21 08:00:00"
102,102,"Rising interest in AI-powered educational robots for interactive learning and STEM education.",2024-01-01,2024-12-31,"North America","Competitors launching robots with coding challenges and AI programming tutorials.","Positive","Educators and students appreciate engagement and skill development.","Email promotions targeting educational benefits of robots.","2024-06-21 08:00:00","2024-06-21 08:00:00"
103,103,"Growing market for AI-powered health monitors with remote patient monitoring and diagnostic capabilities.",2024-01-01,2024-12-31,"Europe","New competitor offering monitors with telemedicine integration and health analytics.","Positive","Healthcare providers value improved patient outcomes and efficiency.","Social media promotions highlighting health monitor benefits.","2024-06-21 08:00:00","2024-06-21 08:00:00"
104,104,"Increasing demand for AI-driven personal finance apps with budgeting tools and investment insights.",2024-01-01,2024-12-31,"Asia-Pacific","Competitors launching apps with expense tracking and financial planning features.","Positive","Users appreciate financial management and savings planning.","Ad campaigns focusing on app benefits and financial wellness.","2024-06-21 08:00:00","2024-06-21 08:00:00"
105,105,"Rising interest in AI-powered home appliances with energy-saving modes and smart diagnostics.",2024-01-01,2024-12-31,"Latin America","New competitor offering appliances with voice control and appliance health monitoring.","Positive","Homeowners value reduced energy costs and appliance longevity.","Social media promotions highlighting smart home appliance benefits.","2024-06-21 08:00:00","2024-06-21 08:00:00"
106,106,"Growing market for AI-driven personal assistants for scheduling, reminders, and smart home control.",2024-01-01,2024-12-31,"Global","Competitors launching assistants with natural language processing and personalized recommendations.","Positive","Customers value hands-free assistance and productivity improvements.","Email campaigns focusing on smart living solutions.","2024-06-21 08:00:00","2024-06-21 08:00:00"
107,107,"Increasing adoption of AI-powered wearable health monitors with real-time data tracking and health insights.",2024-01-01,2024-12-31,"North America","New competitors offering monitors with continuous vital signs monitoring and personalized health tips.","Positive","Users value proactive health management and fitness tracking.","Social media promotions highlighting health monitor features.","2024-06-21 08:00:00","2024-06-21 08:00:00"
108,108,"Rising interest in smart locks with biometric authentication and remote access control.",2024-01-01,2024-12-31,"Europe","Competitors launching locks with voice recognition and guest access management.","Positive","Homeowners appreciate enhanced security and convenience.","Ad campaigns focusing on smart lock features.","2024-06-21 08:00:00","2024-06-21 08:00:00"
109,109,"Growing market for AI-driven robotic vacuum cleaners for autonomous cleaning and mapping.",2024-01-01,2024-12-31,"Asia-Pacific","New competitor offering vacuums with advanced mapping technology and pet hair detection.","Positive","Users value time savings and cleaner living spaces.","Email promotions showcasing robotic vacuum capabilities.","2024-06-21 08:00:00","2024-06-21 08:00:00"
110,110,"Increasing demand for AI-powered drones with thermal imaging for industrial inspections and search operations.",2024-01-01,2024-12-31,"Latin America","Competitors launching drones with 360-degree cameras and obstacle avoidance.","Positive","Industries appreciate enhanced safety and operational efficiency.","Social media promotions highlighting drone applications.","2024-06-21 08:00:00","2024-06-21 08:00:00"
111,111,"Rise of integrated health monitoring features in fitness trackers for comprehensive wellness tracking.",2024-06-21,2024-12-31,"Global","Competitors are adding advanced health sensors and AI-driven analytics to fitness trackers.","Increased sales of health-focused trackers by 30% in Q3 2024.","Positive feedback on health data accuracy and personalized wellness insights.","Launch of health-focused tracker campaigns targeting health enthusiasts.",2024-06-21 08:00:00,2024-06-21 08:00:00
112,112,"Expansion of wearable fitness technology into corporate wellness programs for employee health management.",2024-06-21,2024-12-31,"Global","Competitors are partnering with corporations to integrate fitness trackers into wellness initiatives.","Adoption of corporate wellness programs with fitness trackers resulted in 25% sales growth.","Positive feedback on employee engagement and health improvement.","Launch of corporate wellness partnerships and employee health challenges.",2024-06-21 08:00:00,2024-06-21 08:00:00
113,113,"Integration of AI in fitness trackers for real-time coaching and personalized workout recommendations.",2024-06-21,2024-12-31,"Global","Competitors are leveraging AI for real-time workout analysis and coaching features in fitness trackers.","Improved user engagement and workout adherence with AI-driven coaching.","Positive feedback on personalized fitness goals and workout efficiency.","Launch of AI fitness coaching programs and interactive workout challenges.",2024-06-21 08:00:00,2024-06-21 08:00:00
114,114,"Enhancement of sleep tracking capabilities in fitness trackers for better sleep quality management.",2024-06-21,2024-12-31,"Global","Competitors are improving sleep tracking accuracy and insights in fitness trackers.","Increased sales of sleep-focused trackers by 20% in Q3 2024.","Positive feedback on sleep data insights and sleep improvement.","Launch of sleep health campaigns and partnerships with sleep experts.",2024-06-21 08:00:00,2024-06-21 08:00:00
115,115,"Incorporation of stress management features in fitness trackers for holistic wellness monitoring.",2024-06-21,2024-12-31,"Global","Competitors are adding stress monitoring sensors and features to fitness trackers.","Growth in sales of stress management trackers by 15% in Q3 2024.","Positive feedback on stress management tools and relaxation techniques.","Launch of stress reduction campaigns and partnerships with mental health professionals.",2024-06-21 08:00:00,2024-06-21 08:00:00
116,116,"Expansion of GPS tracking capabilities in fitness trackers for precise location-based activity monitoring.",2024-06-21,2024-12-31,"Global","Competitors are enhancing GPS accuracy and usability in fitness trackers.","Increased adoption of GPS-enabled trackers for outdoor activities.","Positive feedback on location tracking accuracy and route planning.","Launch of outdoor fitness challenges and GPS tracker promotions.",2024-06-21 08:00:00,2024-06-21 08:00:00
117,117,"Introduction of waterproof fitness trackers for enhanced durability and swim tracking capabilities.",2024-06-21,2024-12-31,"Global","Competitors are launching waterproof models with advanced swim tracking features.","Growth in sales of swim-friendly trackers by 10% in Q3 2024.","Positive feedback on swim tracking accuracy and durability.","Launch of waterproof tracker campaigns and partnerships with aquatic fitness centers.",2024-06-21 08:00:00,2024-06-21 08:00:00
118,18,"Integration of ECG and heart rate variability monitoring in advanced fitness trackers for cardiac health.",2024-06-21,2024-12-31,"Global","Competitors are focusing on medical-grade sensors and FDA-approved health features.","Increased adoption of cardiac health trackers in health-conscious demographics.","Positive feedback on heart health insights and monitoring.","Launch of cardiac health awareness campaigns and partnerships with healthcare providers.",2024-06-21 08:00:00,2024-06-21 08:00:00
119,119,"Expansion of fitness tracker ecosystems with third-party app integrations for enhanced functionality.",2024-06-21,2024-12-31,"Global","Competitors are collaborating with app developers to expand functionality and user experience.","Growing ecosystem of compatible apps contributing to higher device sales.","Positive feedback on app integration flexibility and personalized fitness goals.","Launch of app integration promotions and developer partnerships.",2024-06-21 08:00:00,2024-06-21 08:00:00
120,120,"Introduction of biometric authentication features in fitness trackers for secure user identification.",2024-06-21,2024-12-31,"Global","Competitors are integrating biometric authentication methods like fingerprint and voice recognition.","Increased adoption of secure fitness trackers for personal and corporate use.","Positive feedback on user security and data privacy features.","Launch of biometric authentication campaigns and partnerships with cybersecurity firms.",2024-06-21 08:00:00,2024-06-21 08:00:00
121,121,"Development of AI-driven stress detection algorithms in fitness trackers for real-time stress management.",2024-06-21,2024-12-31,"Global","Competitors are enhancing AI capabilities for stress detection and management in real-time.","Improved stress relief and mental wellness outcomes with AI-driven stress management features.","Positive feedback on stress detection accuracy and intervention suggestions.","Launch of AI stress management initiatives and partnerships with mental health experts.",2024-06-21 08:00:00,2024-06-21 08:00:00
122,122,"Expansion of virtual coaching capabilities in fitness trackers for personalized fitness guidance.",2024-06-21,2024-12-31,"Global","Competitors are integrating virtual coaching platforms for personalized workout plans and feedback.","Increased user engagement and adherence to fitness goals with virtual coaching.","Positive feedback on personalized workout recommendations and progress tracking.","Launch of virtual coaching programs and partnerships with fitness influencers.",2024-06-21 08:00:00,2024-06-21 08:00:00
123,123,"Enhancement of battery life in fitness trackers for extended usage and continuous health monitoring.",2024-06-21,2024-12-31,"Global","Competitors are improving battery efficiency and power management.","Extended battery life contributing to higher user satisfaction and adoption rates.","Positive feedback on battery longevity and uninterrupted health tracking.","Launch of battery optimization campaigns and partnerships with energy-efficient technology providers.",2024-06-21 08:00:00,2024-06-21 08:00:00
124,124,"Introduction of AI-driven hydration tracking in fitness trackers for optimal water intake management.",2024-06-21,2024-12-31,"Global","Competitors are developing AI algorithms for accurate hydration monitoring and reminders.","Improved hydration levels and health outcomes with AI-driven hydration tracking.","Positive feedback on hydration insights and personalized recommendations.","Launch of hydration awareness campaigns and partnerships with nutrition experts.",2024-06-21 08:00:00,2024-06-21 08:00:00
125,125,"Expansion of sleep stage analysis in fitness trackers for deeper insights into sleep quality.",2024-06-21,2024-12-31,"Global","Competitors are enhancing sleep stage detection algorithms for comprehensive sleep analysis.","Deeper understanding of sleep patterns contributing to improved sleep quality.","Positive feedback on sleep stage accuracy and sleep improvement strategies.","Launch of sleep health initiatives and partnerships with sleep clinics.",2024-06-21 08:00:00,2024-06-21 08:00:00
126,126,"Integration of NFC technology in fitness trackers for contactless payments and access control.",2024-06-21,2024-12-31,"Global","Competitors are adding NFC chips for seamless payment and access functionality.","Increased adoption of NFC-enabled trackers for convenient transactions and access.","Positive feedback on NFC usability and security features.","Launch of NFC integration promotions and partnerships with payment processors.",2024-06-21 08:00:00,2024-06-21 08:00:00
127,127,"Introduction of solar-powered fitness trackers for eco-friendly charging and sustainability.",2024-06-21,2024-12-31,"Global","Competitors are developing solar-powered models to reduce environmental impact.","Growing demand for eco-friendly fitness trackers among environmentally conscious consumers.","Positive feedback on solar charging efficiency and sustainability benefits.","Launch of solar tracker campaigns and partnerships with environmental organizations.",2024-06-21 08:00:00,2024-06-21 08:00:00
128,128,"Development of voice assistant integration in fitness trackers for hands-free operation and commands.",2024-06-21,2024-12-31,"Global","Competitors are integrating voice assistants for hands-free control and interaction.","Enhanced user convenience and accessibility with voice-activated features.","Positive feedback on voice assistant reliability and functionality.","Launch of voice control campaigns and partnerships with AI voice technology providers.",2024-06-21 08:00:00,2024-06-21 08:00:00
129,129,"Expansion of allergy tracking capabilities in fitness trackers for personalized health alerts and recommendations.",2024-06-21,2024-12-31,"Global","Competitors are adding allergy tracking sensors and alerts for better health management.","Increased adoption among allergy-sensitive users for proactive health monitoring.","Positive feedback on allergy detection accuracy and symptom management.","Launch of allergy awareness campaigns and partnerships with allergy clinics.",2024-06-21 08:00:00,2024-06-21 08:00:00
130,130,"Introduction of fall detection and emergency response features in fitness trackers for senior health monitoring.",2024-06-21,2024-12-31,"Global","Competitors are implementing fall detection algorithms and emergency alerts.","Growing adoption among elderly users for safety and peace of mind.","Positive feedback on fall detection reliability and emergency response.","Launch of senior health safety initiatives and partnerships with senior care facilities.",2024-06-21 08:00:00,2024-06-21 08:00:00
131,131,"Introduction of blood oxygen saturation (SpO2) monitoring in fitness trackers for respiratory health tracking.",2024-06-21,2024-12-31,"Global","Competitors are integrating SpO2 sensors for real-time blood oxygen level monitoring.","Increased adoption among users focusing on respiratory health and fitness.","Positive feedback on SpO2 accuracy and respiratory insights.","Launch of respiratory health awareness campaigns and partnerships with respiratory specialists.",2024-06-21 08:00:00,2024-06-21 08:00:00
132,132,"Development of skin temperature monitoring capabilities in fitness trackers for health condition detection.",2024-06-21,2024-12-31,"Global","Competitors are adding skin temperature sensors for early detection of health conditions.","Growing interest in temperature monitoring for health and wellness applications.","Positive feedback on temperature accuracy and health condition alerts.","Launch of temperature monitoring initiatives and partnerships with health researchers.",2024-06-21 08:00:00,2024-06-21 08:00:00
133,133,"Expansion of menstrual cycle tracking features in fitness trackers for women's health management.",2024-06-21,2024-12-31,"Global","Competitors are enhancing cycle tracking accuracy and insights for women's health.","Increased adoption among women seeking personalized health insights and cycle predictions.","Positive feedback on menstrual cycle accuracy and health monitoring benefits.","Launch of women's health campaigns and partnerships with healthcare providers.",2024-06-21 08:00:00,2024-06-21 08:00:00
134,134,"Introduction of UV index monitoring in fitness trackers for sun protection and skin health.",2024-06-21,2024-12-31,"Global","Competitors are integrating UV sensors for real-time sun exposure monitoring and warnings.","Growing adoption among users concerned with sun protection and skin health.","Positive feedback on UV monitoring accuracy and sun safety reminders.","Launch of sun protection campaigns and partnerships with dermatologists.",2024-06-21 08:00:00,2024-06-21 08:00:00
135,135,"Development of gesture control features in fitness trackers for hands-free navigation and interaction.",2024-06-21,2024-12-31,"Global","Competitors are experimenting with gesture recognition technology for intuitive control.","Enhanced user experience and accessibility with gesture-based interactions.","Positive feedback on gesture control precision and ease of use.","Launch of gesture control promotions and partnerships with motion sensor developers.",2024-06-21 08:00:00,2024-06-21 08:00:00
136,136,"Integration of bone health monitoring in fitness trackers for osteoporosis prevention and management.",2024-06-21,2024-12-31,"Global","Competitors are researching bone health sensors and algorithms for early detection.","Growing interest in bone health monitoring for aging demographics and athletes.","Positive feedback on bone health insights and preventive care recommendations.","Launch of bone health awareness campaigns and partnerships with orthopedic specialists.",2024-06-21 08:00:00,2024-06-21 08:00:00
137,137,"Introduction of food intake tracking in fitness trackers for nutritional awareness and weight management.",2024-06-21,2024-12-31,"Global","Competitors are developing food diary features and calorie tracking capabilities.","Increased adoption among users focusing on diet and nutrition for health goals.","Positive feedback on food tracking accuracy and nutritional insights.","Launch of nutrition tracking initiatives and partnerships with dietitians.",2024-06-21 08:00:00,2024-06-21 08:00:00
138,138,"Expansion of mindfulness and meditation features in fitness trackers for mental well-being.",2024-06-21,2024-12-31,"Global","Competitors are adding meditation prompts and mindfulness exercises.","Growing interest in mental health and stress reduction features in fitness trackers.","Positive feedback on mindfulness activities and stress relief benefits.","Launch of mental wellness campaigns and partnerships with mindfulness coaches.",2024-06-21 08:00:00,2024-06-21 08:00:00
139,139,"Development of posture monitoring capabilities in fitness trackers for ergonomic health and wellness.",2024-06-21,2024-12-31,"Global","Competitors are incorporating posture sensors for ergonomic awareness and correction.","Increased adoption among users concerned with ergonomic health and office posture.","Positive feedback on posture improvement and ergonomic guidance.","Launch of posture correction initiatives and partnerships with ergonomic specialists.",2024-06-21 08:00:00,2024-06-21 08:00:00
140,140,"Integration of blood glucose monitoring in fitness trackers for diabetes management.",2024-06-21,2024-12-31,"Global","Competitors are focusing on non-invasive glucose monitoring technology.","Growing interest in diabetes management solutions integrated into fitness trackers.","Positive feedback on glucose monitoring accuracy and diabetic health management.","Launch of diabetes awareness campaigns and partnerships with endocrinologists.",2024-06-21 08:00:00,2024-06-21 08:00:00
141,141,"Introduction of smart fabric technology in fitness trackers for enhanced comfort and wearability.",2024-06-21,2024-12-31,"Global","Competitors are experimenting with smart textiles for improved sensor integration.","Increased adoption of fitness trackers with comfortable and functional smart fabrics.","Positive feedback on fabric comfort and sensor performance.","Launch of smart fabric promotions and partnerships with textile innovators.",2024-06-21 08:00:00,2024-06-21 08:00:00
142,142,"Development of haptic feedback features in fitness trackers for real-time alerts and notifications.",2024-06-21,2024-12-31,"Global","Competitors are enhancing vibration feedback for notifications and alerts.","Enhanced user interaction and alert responsiveness with haptic feedback.","Positive feedback on notification clarity and haptic response.","Launch of haptic feedback campaigns and partnerships with vibration technology developers.",2024-06-21 08:00:00,2024-06-21 08:00:00
143,143,"Expansion of environmental sensor capabilities in fitness trackers for air quality monitoring.",2024-06-21,2024-12-31,"Global","Competitors are adding environmental sensors for air pollution detection and alerts.","Growing interest in environmental health monitoring through fitness trackers.","Positive feedback on air quality insights and pollution awareness.","Launch of environmental health initiatives and partnerships with environmental agencies.",2024-06-21 08:00:00,2024-06-21 08:00:00
144,144,"Introduction of personal safety features in fitness trackers for emergency SOS alerts.",2024-06-21,2024-12-31,"Global","Competitors are integrating SOS buttons and emergency contact alerts.","Increased adoption among users seeking personal safety and security features.","Positive feedback on SOS functionality and emergency response.","Launch of personal safety campaigns and partnerships with safety organizations.",2024-06-21 08:00:00,2024-06-21 08:00:00
145,145,"Development of mobility tracking in fitness trackers for physical rehabilitation and activity monitoring.",2024-06-21,2024-12-31,"Global","Competitors are developing movement sensors for mobility tracking and recovery.","Growing interest in fitness trackers for physical therapy and rehabilitation.","Positive feedback on mobility insights and activity tracking.","Launch of mobility tracking initiatives and partnerships with physical therapists.",2024-06-21 08:00:00,2024-06-21 08:00:00
146,146,"Integration of AI-driven nutritional recommendations in fitness trackers for personalized diet planning.",2024-06-21,2024-12-31,"Global","Competitors are using AI algorithms for personalized nutrition advice based on user data.","Increased adoption among users seeking tailored diet plans and health improvements.","Positive feedback on nutritional guidance and diet effectiveness.","Launch of personalized nutrition campaigns and partnerships with nutritionists.",2024-06-21 08:00:00,2024-06-21 08:00:00
147,147,"Introduction of real-time weather updates in fitness trackers for outdoor activity planning.",2024-06-21,2024-12-31,"Global","Competitors are integrating weather forecasting features for outdoor enthusiasts.","Growing interest in weather-aware fitness tracking for outdoor adventures.","Positive feedback on weather accuracy and outdoor activity planning.","Launch of weather tracking initiatives and partnerships with meteorological services.",2024-06-21 08:00:00,2024-06-21 08:00:00
148,148,"Development of hearing protection monitoring in fitness trackers for noise exposure awareness.",2024-06-21,2024-12-31,"Global","Competitors are adding decibel monitoring and hearing protection alerts.","Increased adoption among users concerned with hearing health and noise exposure.","Positive feedback on hearing protection insights and noise management.","Launch of hearing health campaigns and partnerships with audiologists.",2024-06-21 08:00:00,2024-06-21 08:00:00
149,149,"fitness goals.","Positive feedback on adaptive workout plans and performance improvements.","Launch of adaptive training campaigns and partnerships with fitness trainers.",2024-06-21 08:00:00,2024-06-21 08:00:00
150,150,"Introduction of emotional well-being tracking in fitness trackers for mood and stress management.",2024-06-21,2024-12-31,"Global","Competitors are adding emotional tracking features for mental health awareness.","Increased adoption among users focusing on emotional well-being and stress reduction.","Positive feedback on mood tracking accuracy and emotional health insights.","Launch of emotional wellness campaigns and partnerships with psychologists.",2024-06-21 08:00:00,2024-06-21 08:00:00
151,151,"Development of medication reminder features in fitness trackers for health compliance.",2024-06-21,2024-12-31,"Global","Competitors are integrating medication alerts and reminders for health management.","Growing interest in medication adherence tools for chronic disease management.","Positive feedback on medication reminder effectiveness and health monitoring.","Launch of medication management initiatives and partnerships with healthcare providers.",2024-06-21 08:00:00,2024-06-21 08:00:00
152,152,"Integration of virtual reality (VR) training simulations in fitness trackers for immersive workouts.",2024-06-21,2024-12-31,"Global","Competitors are exploring VR integration for interactive exercise experiences.","Increased engagement and motivation with VR-based fitness training.","Positive feedback on VR workout variety and immersive training.","Launch of VR fitness campaigns and partnerships with VR content creators.",2024-06-21 08:00:00,2024-06-21 08:00:00
153,153,"Introduction of sleep coaching programs in fitness trackers for personalized sleep improvement plans.",2024-06-21,2024-12-31,"Global","Competitors are offering sleep coaching sessions and personalized sleep schedules.","Growing adoption among users seeking professional sleep guidance and insomnia relief.","Positive feedback on sleep coaching effectiveness and sleep quality improvement.","Launch of sleep coaching services and partnerships with sleep therapists.",2024-06-21 08:00:00,2024-06-21 08:00:00
154,154,"Development of blood pressure monitoring in fitness trackers for hypertension management.",2024-06-21,2024-12-31,"Global","Competitors are focusing on non-invasive blood pressure monitoring technology.","Increased adoption among users monitoring hypertension and cardiovascular health.","Positive feedback on blood pressure accuracy and health management insights.","Launch of hypertension awareness campaigns and partnerships with cardiologists.",2024-06-21 08:00:00,2024-06-21 08:00:00
155,155,"Expansion of allergy avoidance features in fitness trackers for pollen and allergen alerts.",2024-06-21,2024-12-31,"Global","Competitors are adding allergy detection sensors and real-time alerts.","Growing interest in allergy prevention tools for outdoor activities and health management.","Positive feedback on allergen detection accuracy and health protection.","Launch of allergy prevention initiatives and partnerships with allergy specialists.",2024-06-21 08:00:00,2024-06-21 08:00:00
156,156,"Introduction of carbon footprint tracking in fitness trackers for environmental awareness.",2024-06-21,2024-12-31,"Global","Competitors are integrating carbon emission tracking features for eco-conscious users.","Increased adoption among environmentally conscious consumers tracking personal impact.","Positive feedback on carbon footprint insights and sustainability efforts.","Launch of eco-friendly initiatives and partnerships with environmental NGOs.",2024-06-21 08:00:00,2024-06-21 08:00:00
157,157,"Development of blood cholesterol monitoring in fitness trackers for heart health.",2024-06-21,2024-12-31,"Global","Competitors are enhancing cholesterol monitoring accuracy and insights.","Growing interest in cholesterol management for cardiovascular health.","Positive feedback on cholesterol tracking and heart health improvements.","Launch of heart health campaigns and partnerships with nutritionists.",2024-06-21 08:00:00,2024-06-21 08:00:00
158,158,"Integration of social networking features in fitness trackers for community-based fitness challenges.",2024-06-21,2024-12-31,"Global","Competitors are adding social sharing and fitness challenge features.","Increased user engagement and motivation through social fitness interactions.","Positive feedback on community support and fitness achievement celebrations.","Launch of social fitness campaigns and partnerships with fitness influencers.",2024-06-21 08:00:00,2024-06-21 08:00:00
159,159,"Introduction of pet activity tracking in fitness trackers for pet owners.",2024-06-21,2024-12-31,"Global","Competitors are developing pet tracking modules and health insights for pet owners.","Growing adoption among pet owners monitoring pet health and activity levels.","Positive feedback on pet activity insights and health monitoring.","Launch of pet health initiatives and partnerships with veterinarians.",2024-06-21 08:00:00,2024-06-21 08:00:00
160,160,"Development of energy expenditure tracking in fitness trackers for calorie burn accuracy.",2024-06-21,2024-12-31,"Global","Competitors are improving energy expenditure algorithms for precise calorie tracking.","Increased user satisfaction with accurate calorie burn data and fitness progress.","Positive feedback on energy expenditure insights and workout efficiency.","Launch of calorie burn campaigns and partnerships with nutrition experts.",2024-06-21 08:00:00,2024-06-21 08:00:00
161,161,"Expansion of hydration reminder features in fitness trackers for daily water intake goals.",2024-06-21,2024-12-31,"Global","Competitors are adding hydration alerts and reminders for daily intake targets.","Growing adoption among users improving hydration habits and health.","Positive feedback on hydration tracking convenience and health benefits.","Launch of hydration challenge initiatives and partnerships with wellness coaches.",2024-06-21 08:00:00,2024-06-21 08:00:00
162,162,"Introduction of pregnancy tracking in fitness trackers for maternal health monitoring.",2024-06-21,2024-12-31,"Global","Competitors are developing pregnancy modules and health insights for expectant mothers.","Increased adoption among pregnant women monitoring maternal health and fitness.","Positive feedback on pregnancy tracking accuracy and maternal wellness support.","Launch of maternity health campaigns and partnerships with obstetricians.",2024-06-21 08:00:00,2024-06-21 08:00:00
163,163,"Development of meditation coaching in fitness trackers for stress reduction and mental clarity.",2024-06-21,2024-12-31,"Global","Competitors are offering guided meditation sessions and mindfulness exercises.","Growing interest in mental wellness tools for stress management and relaxation.","Positive feedback on meditation effectiveness and mental focus improvement.","Launch of meditation programs and partnerships with meditation experts.",2024-06-21 08:00:00,2024-06-21 08:00:00
164,164,"Integration of blood oxygen (SpO2) monitoring in fitness trackers for altitude tracking and health assessment.",2024-06-21,2024-12-31,"Global","Competitors are enhancing SpO2 sensors for altitude and health monitoring.","Increased adoption among users in high-altitude environments for oxygen level awareness.","Positive feedback on SpO2 accuracy and health insights.","Launch of altitude health campaigns and partnerships with mountain guides.",2024-06-21 08:00:00,2024-06-21 08:00:00
165,165,"Introduction of sustainability tracking in fitness trackers for eco-conscious activity monitoring.",2024-06-21,2024-12-31,"Global","Competitors are adding sustainability metrics for eco-friendly activity tracking.","Growing adoption among environmentally conscious users for sustainable fitness habits.","Positive feedback on sustainability insights and environmental impact awareness.","Launch of eco-activity initiatives and partnerships with sustainability advocates.",2024-06-21 08:00:00,2024-06-21 08:00:00
166,166,"Development of UV exposure monitoring in fitness trackers for sun safety and skin health.",2024-06-21,2024-12-31,"Global","Competitors are enhancing UV sensors for accurate sun exposure tracking and alerts.","Increased adoption among users concerned with UV protection and skin cancer prevention.","Positive feedback on UV monitoring accuracy and sun safety awareness.","Launch of sun safety campaigns and partnerships with dermatological associations.",2024-06-21 08:00:00,2024-06-21 08:00:00
167,167,"Integration of hand hygiene tracking in fitness trackers for health compliance.",2024-06-21,2024-12-31,"Global","Competitors are adding hand hygiene reminders and compliance tracking features.","Growing interest in health hygiene monitoring for disease prevention.","Positive feedback on hand hygiene effectiveness and health safety.","Launch of hygiene awareness campaigns and partnerships with health authorities.",2024-06-21 08:00:00,2024-06-21 08:00:00
168,168,"Global","Competitors are exploring BAC monitoring features for responsible alcohol consumption.","Increased adoption among users monitoring alcohol intake and health impact.","Positive feedback on BAC monitoring accuracy and safety awareness.","Launch of responsible drinking initiatives and partnerships with addiction counselors.",2024-06-21 08:00:00,2024-06-21 08:00:00
169,169,"Development of smart home integration in fitness trackers for seamless connectivity.","2024-06-21","2024-12-31","Global","Competitors are integrating smart home controls for enhanced user convenience.","Enhanced user experience and home automation with fitness tracker integration.","Positive feedback on smart home compatibility and ease of use.","Launch of smart home fitness integrations and partnerships with home automation providers.","2024-06-21 08:00:00","2024-06-21 08:00:00"
170,170,"Integration of real-time location tracking in fitness trackers for outdoor safety and navigation.","2024-06-21","2024-12-31","Global","Competitors are enhancing GPS and location-based services for fitness trackers.","Increased adoption among outdoor enthusiasts for safety and navigation.","Positive feedback on location accuracy and outdoor activity tracking.","Launch of outdoor safety campaigns and partnerships with navigation technology firms.","2024-06-21 08:00:00","2024-06-21 08:00:00"
171,171,"Introduction of blood sugar monitoring in fitness trackers for diabetes management.","2024-06-21","2024-12-31","Global","Competitors are developing non-invasive glucose monitoring for diabetes.","Growing interest in integrated health management solutions for diabetes.","Positive feedback on blood sugar accuracy and diabetic health insights.","Launch of diabetes support initiatives and partnerships with diabetes educators.","2024-06-21 08:00:00","2024-06-21 08:00:00"
172,172,"Development of sun exposure tracking in fitness trackers for vitamin D optimization.","2024-06-21","2024-12-31","Global","Competitors are enhancing UV sensors for sun exposure monitoring and vitamin D insights.","Increased adoption among users optimizing vitamin D levels through sun exposure.","Positive feedback on sun exposure insights and health benefits.","Launch of vitamin D awareness campaigns and partnerships with nutritionists.","2024-06-21 08:00:00","2024-06-21 08:00:00"
173,173,"Expansion of swimming metrics in fitness trackers for aquatic sports enthusiasts.","2024-06-21","2024-12-31","Global","Competitors are developing swim tracking features for stroke analysis and lap counting.","Growing adoption among swimmers and aquatic sports enthusiasts for performance tracking.","Positive feedback on swim metrics accuracy and performance improvement.","Launch of aquatic fitness campaigns and partnerships with swimming coaches.","2024-06-21 08:00:00","2024-06-21 08:00:00"
174,174,"Introduction of real-time mood tracking in fitness trackers for emotional well-being.","2024-06-21","2024-12-31","Global","Competitors are adding mood tracking sensors and algorithms for emotional health awareness.","Increased adoption among users monitoring mood patterns for mental well-being.","Positive feedback on mood tracking insights and emotional support.","Launch of emotional wellness campaigns and partnerships with mental health advocates.","2024-06-21 08:00:00","2024-06-21 08:00:00"
175,175,"Development of insect repellent monitoring in fitness trackers for outdoor adventurers.","2024-06-21","2024-12-31","Global","Competitors are integrating insect repellent sensors and alerts for outdoor activity.","Growing interest in insect protection tools for outdoor enthusiasts and travelers.","Positive feedback on insect repellent effectiveness and outdoor safety.","Launch of outdoor protection initiatives and partnerships with environmental health experts.","2024-06-21 08:00:00","2024-06-21 08:00:00"
176,176,"Integration of lunar cycle tracking in fitness trackers for sleep and mood regulation.","2024-06-21","2024-12-31","Global","Competitors are exploring lunar phase monitoring for sleep and mood correlation.","Increased adoption among users syncing sleep and mood patterns with lunar cycles.","Positive feedback on lunar cycle insights and holistic health benefits.","Launch of lunar health campaigns and partnerships with lunar researchers.","2024-06-21 08:00:00","2024-06-21 08:00:00"
177,177,"Introduction of fertility tracking in fitness trackers for family planning.","2024-06-21","2024-12-31","Global","Competitors are developing fertility prediction algorithms and cycle monitoring.","Growing adoption among couples using fertility insights for family planning.","Positive feedback on fertility tracking accuracy and reproductive health insights.","Launch of fertility awareness campaigns and partnerships with fertility clinics.","2024-06-21 08:00:00","2024-06-21 08:00:00"
178,178,"Development of earthquake detection in fitness trackers for natural disaster preparedness.","2024-06-21","2024-12-31","Global","Competitors are adding seismic sensors for earthquake detection and early warning systems.","Increased adoption among users in earthquake-prone regions for disaster preparedness.","Positive feedback on earthquake detection reliability and safety alerts.","Launch of earthquake preparedness initiatives and partnerships with seismologists.","2024-06-21 08:00:00","2024-06-21 08:00:00"
179,179,"Expansion of breath analysis in fitness trackers for respiratory health monitoring.","2024-06-21","2024-12-31","Global","Competitors are developing breath analysis sensors for respiratory condition detection.","Growing interest in breath analysis for asthma management and lung health.","Positive feedback on breath analysis accuracy and respiratory health insights.","Launch of respiratory health campaigns and partnerships with pulmonologists.","2024-06-21 08:00:00","2024-06-21 08:00:00"
180,180,"Introduction of travel mode optimization in fitness trackers for jet lag reduction.","2024-06-21","2024-12-31","Global","Competitors are adding travel optimization features for international travelers and frequent flyers.","Increased adoption among travelers using fitness trackers for jet lag mitigation strategies.","Positive feedback on travel mode effectiveness and sleep quality improvement.","Launch of travel health initiatives and partnerships with travel agencies.","2024-06-21 08:00:00","2024-06-21 08:00:00"
181,181,"Development of menstrual health monitoring in fitness trackers for reproductive wellness.","2024-06-21","2024-12-31","Global","Competitors are enhancing menstrual cycle tracking for reproductive health insights.","Growing adoption among women monitoring menstrual health and reproductive wellness.","Positive feedback on menstrual health accuracy and fertility awareness.","Launch of reproductive health campaigns and partnerships with gynecologists.","2024-06-21 08:00:00","2024-06-21 08:00:00"
182,182,"Integration of brain wave monitoring in fitness trackers for cognitive performance.","2024-06-21","2024-12-31","Global","Competitors are exploring EEG sensors for brain wave analysis and cognitive health monitoring.","Increased adoption among users optimizing brain function and mental acuity.","Positive feedback on brain wave insights and cognitive performance enhancement.","Launch of cognitive fitness campaigns and partnerships with neuroscientists.","2024-06-21 08:00:00","2024-06-21 08:00:00"
183,183,"Introduction of hand gesture recognition in fitness trackers for intuitive controls.","2024-06-21","2024-12-31","Global","Competitors are adding hand gesture sensors for intuitive navigation and interaction.","Enhanced user experience and control with gesture-based commands.","Positive feedback on gesture recognition accuracy and user interface.","Launch of gesture control promotions and partnerships with motion technology firms.","2024-06-21 08:00:00","2024-06-21 08:00:00"
184,184,"Development of carbon dioxide monitoring in fitness trackers for indoor air quality.","2024-06-21","2024-12-31","Global","Competitors are integrating CO2 sensors for indoor air quality assessment and alerts.","Growing interest in CO2 monitoring for health-conscious consumers and indoor environments.","Positive feedback on CO2 level accuracy and indoor air quality insights.","Launch of indoor health campaigns and partnerships with environmental health experts.","2024-06-21 08:00:00","2024-06-21 08:00:00"
185,185,"Expansion of UV protection alerts in fitness trackers for sun safety.","2024-06-21","2024-12-31","Global","Competitors are enhancing UV sensors for accurate sun exposure monitoring and protection.","Increased adoption among users protecting against UV radiation and skin cancer risks.","Positive feedback on UV protection effectiveness and skin health.","Launch of sun protection initiatives and partnerships with dermatologists.","2024-06-21 08:00:00","2024-06-21 08:00:00"
186,186,"Introduction of intermittent fasting tracking in fitness trackers for metabolic health.","2024-06-21","2024-12-31","Global","Competitors are developing fasting tracking features for metabolic rate monitoring and weight management.","Growing adoption among users practicing intermittent fasting for health benefits and weight loss.","Positive feedback on fasting insights and metabolic health improvements.","Launch of intermittent fasting campaigns and partnerships with nutrition experts.","2024-06-21
187,187,"Introduction of music therapy integration in fitness trackers for mental relaxation.","2024-06-21","2024-12-31","Global","Competitors are exploring music therapy features for stress relief and mood enhancement.","Increased adoption among users using music for relaxation and mental well-being.","Positive feedback on music therapy effectiveness and emotional support.","Launch of music relaxation campaigns and partnerships with music therapists.","2024-06-21 08:00:00","2024-06-21 08:00:00"
188,188,"Development of posture correction alerts in fitness trackers for spinal health.","2024-06-21","2024-12-31","Global","Competitors are adding posture sensors and alerts for ergonomic health.","Growing adoption among users improving posture and spinal alignment.","Positive feedback on posture correction effectiveness and back pain relief.","Launch of ergonomic health campaigns and partnerships with chiropractors.","2024-06-21 08:00:00","2024-06-21 08:00:00"
189,189,"Expansion of indoor navigation in fitness trackers for large venue guidance.","2024-06-21","2024-12-31","Global","Competitors are enhancing indoor mapping and navigation features.","Increased adoption among users navigating large venues and indoor spaces.","Positive feedback on indoor navigation accuracy and user convenience.","Launch of indoor venue guides and partnerships with venue managers.","2024-06-21 08:00:00","2024-06-21 08:00:00"
190,190,"Introduction of blood oxygen saturation (SpO2) tracking in fitness trackers for respiratory health.","2024-06-21","2024-12-31","Global","Competitors are developing SpO2 sensors for oxygen saturation monitoring.","Growing adoption among users monitoring blood oxygen levels for respiratory wellness.","Positive feedback on SpO2 tracking accuracy and health insights.","Launch of respiratory wellness campaigns and partnerships with respiratory therapists.","2024-06-21 08:00:00","2024-06-21 08:00:00"
191,191,"Development of personal safety features in fitness trackers for emergency assistance.","2024-06-21","2024-12-31","Global","Competitors are adding SOS alerts and emergency contact features.","Increased adoption among users prioritizing personal safety and emergency preparedness.","Positive feedback on safety feature reliability and response time.","Launch of personal safety campaigns and partnerships with emergency services.","2024-06-21 08:00:00","2024-06-21 08:00:00"
192,192,"Integration of menstrual cycle tracking in fitness trackers for hormonal health.","2024-06-21","2024-12-31","Global","Competitors are enhancing menstrual health insights for hormonal balance.","Growing adoption among women tracking menstrual cycles for hormonal health.","Positive feedback on menstrual cycle accuracy and wellness insights.","Launch of hormonal health initiatives and partnerships with endocrinologists.","2024-06-21 08:00:00","2024-06-21 08:00:00"
193,193,"Introduction of air pollution monitoring in fitness trackers for environmental health.","2024-06-21","2024-12-31","Global","Competitors are integrating air quality sensors for pollution monitoring and alerts.","Increased adoption among users tracking air pollution for health protection.","Positive feedback on air quality insights and environmental awareness.","Launch of environmental health campaigns and partnerships with environmental scientists.","2024-06-21 08:00:00","2024-06-21 08:00:00"
194,194,"Development of hydration analysis in fitness trackers for optimal water intake.","2024-06-21","2024-12-31","Global","Competitors are adding hydration analysis features for personalized water intake recommendations.","Growing adoption among users optimizing hydration levels for health benefits.","Positive feedback on hydration analysis accuracy and wellness improvements.","Launch of hydration health campaigns and partnerships with nutritionists.","2024-06-21 08:00:00","2024-06-21 08:00:00"
195,195,"Expansion of road condition tracking in fitness trackers for cyclists and runners.","2024-06-21","2024-12-31","Global","Competitors are enhancing road condition alerts and safety tips for outdoor sports.","Increased adoption among cyclists and runners monitoring road conditions for safety.","Positive feedback on road condition accuracy and outdoor activity protection.","Launch of outdoor sports safety campaigns and partnerships with sports associations.","2024-06-21 08:00:00","2024-06-21 08:00:00"
196,196,"Introduction of blood flow monitoring in fitness trackers for vascular health.","2024-06-21","2024-12-31","Global","Competitors are developing blood flow sensors for vascular health monitoring.","Growing adoption among users monitoring blood circulation for cardiovascular wellness.","Positive feedback on blood flow insights and vascular health benefits.","Launch of vascular health initiatives and partnerships with vascular surgeons.","2024-06-21 08:00:00","2024-06-21 08:00:00"
197,197,"Development of environmental noise monitoring in fitness trackers for auditory health.","2024-06-21","2024-12-31","Global","Competitors are adding noise pollution sensors for environmental sound monitoring.","Increased adoption among users tracking noise exposure for auditory health.","Positive feedback on noise monitoring accuracy and hearing protection.","Launch of hearing health campaigns and partnerships with audiologists.","2024-06-21 08:00:00","2024-06-21 08:00:00"
198,198,"Integration of pet health synchronization in fitness trackers for pet owners.","2024-06-21","2024-12-31","Global","Competitors are exploring pet health metrics and synchronization for pet owners.","Growing adoption among pet owners syncing pet and personal health data.","Positive feedback on pet health insights and holistic health management.","Launch of pet owner wellness campaigns and partnerships with veterinarians.","2024-06-21 08:00:00","2024-06-21 08:00:00"
199,199,"Introduction of golf swing analysis in fitness trackers for golfers.","2024-06-21","2024-12-31","Global","Competitors are enhancing swing analysis and golf performance metrics.","Increased adoption among golfers improving swing mechanics and game performance.","Positive feedback on golf swing analysis accuracy and gameplay enhancement.","Launch of golf fitness campaigns and partnerships with golf instructors.","2024-06-21 08:00:00","2024-06-21 08:00:00"
200,200,"Development of real-time language translation in fitness trackers for travelers.","2024-06-21","2024-12-31","Global","Competitors are adding translation services for international travelers and language learners.","Growing adoption among users translating languages on-the-go for travel convenience.","Positive feedback on translation accuracy and language learning support.","Launch of travel translation initiatives and partnerships with language institutes.","2024-06-21 08:00:00","2024-06-21 08:00:00"
